{"cameraMode":{"drawMode":0,"name":"Shaded","section":"Shading Mode"},"sceneLighting":false,"audioPlay":false,"sceneViewState":{"showFog":false,"showMaterialUpdate":false,"showSkybox":false,"showFlares":false,"showImageEffects":false,"showParticleSystems":false},"in2DMode":false,"pivot":{"x":-0.30380094051361086,"y":-1.1404047012329102,"z":6.593969345092773},"rotation":{"x":-0.36229726672172549,"y":0.01872985064983368,"z":-0.007282238453626633,"w":-0.9318462610244751},"size":19.87884521484375,"orthographic":false}